{
    "badge_id": "loan.eligibility.creditcheckpassed",
    "category": "loan",
    "family": "eligibility",
    "name": "Creditcheckpassed",
    "description": "Certification that creditcheckpassed has been completed or verified.",
    "version": "1.0.0",
    "issued_by": "Badge Authority",
    "created_at": "2026-02-22T15:59:05.073065Z",
    "requirements": [
        "Verified through internal system validation",
        "Audit log entry recorded",
        "Immutable issuance ID generated"
    ],
    "revocable": true,
    "revocation_reason": null
}