{
    "badge_id": "loan.milestone.application_reviewed",
    "category": "loan",
    "family": "milestone",
    "name": "Application Reviewed",
    "description": "Certification that application reviewed has been completed or verified.",
    "version": "1.0.0",
    "issued_by": "Badge Authority",
    "created_at": "2026-02-22T15:59:05.075573Z",
    "requirements": [
        "Verified through internal system validation",
        "Audit log entry recorded",
        "Immutable issuance ID generated"
    ],
    "revocable": true,
    "revocation_reason": null
}