{
  "$schema": "http://json-schema.org/draft-07/schema#",
  "title": "Badge Schema",
  "type": "object",
  "required": [
    "id",
    "name",
    "description",
    "tier",
    "criteria"
  ],
  "properties": {
    "id": {
      "type": "string"
    },
    "name": {
      "type": "string"
    },
    "description": {
      "type": "string"
    },
    "tier": {
      "type": "string",
      "enum": [
        "bronze",
        "silver",
        "gold",
        "platinum"
      ]
    },
    "criteria": {
      "type": "array",
      "items": {
        "type": "string"
      }
    },
    "metadata": {
      "type": "object"
    }
  }
}