{
    "badge_id": "loan.document.promissorynotesigned",
    "category": "loan",
    "family": "document",
    "name": "Promissorynotesigned",
    "description": "Certification that promissorynotesigned has been completed or verified.",
    "version": "1.0.0",
    "issued_by": "Badge Authority",
    "created_at": "2026-02-22T15:59:05.081960Z",
    "requirements": [
        "Verified through internal system validation",
        "Audit log entry recorded",
        "Immutable issuance ID generated"
    ],
    "revocable": true,
    "revocation_reason": null
}