{
    "badge_id": "loan.document.terms_acknowledged",
    "category": "loan",
    "family": "document",
    "name": "Terms Acknowledged",
    "description": "Certification that terms acknowledged has been completed or verified.",
    "version": "1.0.0",
    "issued_by": "Badge Authority",
    "created_at": "2026-02-22T15:59:05.083464Z",
    "requirements": [
        "Verified through internal system validation",
        "Audit log entry recorded",
        "Immutable issuance ID generated"
    ],
    "revocable": true,
    "revocation_reason": null
}