{
    "badge_id": "loan.funding.source_verified",
    "category": "loan",
    "family": "funding",
    "name": "Source Verified",
    "description": "Certification that source verified has been completed or verified.",
    "version": "1.0.0",
    "issued_by": "Badge Authority",
    "created_at": "2026-02-22T15:59:05.083807Z",
    "requirements": [
        "Verified through internal system validation",
        "Audit log entry recorded",
        "Immutable issuance ID generated"
    ],
    "revocable": true,
    "revocation_reason": null
}