{
    "badge_id": "loan.funding.account_linked",
    "category": "loan",
    "family": "funding",
    "name": "Account Linked",
    "description": "Certification that account linked has been completed or verified.",
    "version": "1.0.0",
    "issued_by": "Badge Authority",
    "created_at": "2026-02-22T15:59:05.084185Z",
    "requirements": [
        "Verified through internal system validation",
        "Audit log entry recorded",
        "Immutable issuance ID generated"
    ],
    "revocable": true,
    "revocation_reason": null
}