{
    "badge_id": "loan.funding.reserves_confirmed",
    "category": "loan",
    "family": "funding",
    "name": "Reserves Confirmed",
    "description": "Certification that reserves confirmed has been completed or verified.",
    "version": "1.0.0",
    "issued_by": "Badge Authority",
    "created_at": "2026-02-22T15:59:05.084606Z",
    "requirements": [
        "Verified through internal system validation",
        "Audit log entry recorded",
        "Immutable issuance ID generated"
    ],
    "revocable": true,
    "revocation_reason": null
}